date,nav,nav_adj
2017-01-03,37.38,30.7052
2017-01-04,38.29,31.4527
2017-01-05,38.0,31.2145
2017-01-06,38.33,31.4856
2017-01-09,38.23,31.4035
2017-01-10,38.5,31.6252
2017-01-11,38.68,31.7731
2017-01-12,38.52,31.6417
2017-01-13,39.04,32.0688
2017-01-17,38.54,31.6581
2017-01-18,38.77,31.847
2017-01-19,38.86,31.921
2017-01-20,39.05,32.077
2017-01-23,39.23,32.2249
2017-01-24,39.72,32.6274
2017-01-25,39.96,32.8245
2017-01-26,39.94,32.8081
2017-01-27,39.87,32.7506
2017-01-30,39.45,32.4056
2017-01-31,39.14,32.151
2017-02-01,39.11,32.1263
2017-02-02,39.38,32.3481
2017-02-03,39.83,32.7177
2017-02-06,39.96,32.8245
2017-02-07,40.08,32.9231
2017-02-08,40.03,32.882
2017-02-09,40.52,33.2845
2017-02-10,40.62,33.3667
2017-02-13,41.09,33.7528
2017-02-14,41.24,33.876
2017-02-15,41.58,34.1553
2017-02-16,41.32,33.9417
2017-02-17,41.29,33.917
2017-02-21,41.62,34.1881
2017-02-22,41.34,33.9581
2017-02-23,40.48,33.2517
2017-02-24,40.57,33.3256
2017-02-27,40.44,33.2188
2017-02-28,40.12,32.956
2017-03-01,40.89,33.5885
2017-03-02,40.53,33.2927
2017-03-03,40.59,33.342
2017-03-06,40.35,33.1449
2017-03-07,40.15,32.9806
2017-03-08,40.08,32.9231
2017-03-09,39.99,32.8492
2017-03-10,40.3,33.1038
2017-03-13,40.56,33.3174
2017-03-14,40.73,33.457
2017-03-15,41.08,33.7445
2017-03-16,41.41,34.0156
2017-03-17,41.41,34.0156
2017-03-20,41.39,33.9992
2017-03-21,40.22,33.0381
2017-03-22,40.45,33.227
2017-03-23,40.5,33.2681
2017-03-24,40.71,33.4406
2017-03-27,40.92,33.6131
2017-03-28,41.16,33.8103
2017-03-29,41.33,33.9499
2017-03-30,41.44,34.0403
2017-03-31,41.52,34.106
2017-04-03,41.92,34.4345
2017-04-04,42.08,34.566
2017-04-05,41.6,34.1717
2017-04-06,41.85,34.377
2017-04-07,41.81,34.3442
2017-04-10,42.11,34.5906
2017-04-11,42.09,34.5742
2017-04-12,41.48,34.0731
2017-04-13,41.39,33.9992
2017-04-17,41.85,34.377
2017-04-18,41.89,34.4099
2017-04-19,42.37,34.8042
2017-04-20,42.65,35.0342
2017-04-21,42.61,35.0013
2017-04-24,43.05,35.3628
2017-04-25,43.42,35.6667
2017-04-26,43.85,36.0199
2017-04-27,44.47,36.5292
2017-04-28,44.62,36.6524
2017-05-01,45.04,36.9974
2017-05-02,44.96,36.9317
2017-05-03,44.59,36.6278
2017-05-04,44.46,36.521
2017-05-05,45.33,37.2356
2017-05-08,45.07,37.0221
2017-05-09,45.58,37.441
2017-05-10,45.64,37.4903
2017-05-11,45.57,37.4328
2017-05-12,45.43,37.3178
2017-05-15,45.54,37.4081
2017-05-16,45.56,37.4246
2017-05-17,44.29,36.3813
2017-05-18,44.64,36.6688
2017-05-19,44.81,36.8085
2017-05-22,45.18,37.1124
2017-05-23,45.12,37.0631
2017-05-24,45.5,37.3753
2017-05-25,45.87,37.6792
2017-05-26,46.13,37.8928
2017-05-30,46.33,38.0571
2017-05-31,46.75,38.4021
2017-06-01,47.22,38.7882
2017-06-02,47.3,38.8539
2017-06-05,47.28,38.8374
2017-06-06,47.07,38.6649
2017-06-07,47.26,38.821
2017-06-08,47.66,39.1496
2017-06-09,46.67,38.3364
2017-06-12,46.61,38.2871
2017-06-13,47.48,39.0017
2017-06-14,47.79,39.2564
2017-06-15,47.52,39.0346
2017-06-16,47.65,39.1414
2017-06-19,48.1,39.511
2017-06-20,47.91,39.3549
2017-06-21,47.97,39.4042
2017-06-22,48.22,39.6096
2017-06-23,48.66,39.971
2017-06-26,48.4,39.7574
2017-06-27,47.58,39.0839
2017-06-28,48.25,39.6342
2017-06-29,47.44,38.9689
2017-06-30,47.59,39.0921
2017-07-03,47.33,38.8785
2017-07-05,46.81,38.4514
2017-07-06,45.79,37.6135
2017-07-07,46.3,38.0324
2017-07-10,46.51,38.2049
2017-07-11,46.79,38.4349
2017-07-12,46.86,38.4924
2017-07-13,46.68,38.3446
2017-07-14,46.94,38.5581
2017-07-17,46.8,38.4431
2017-07-18,47.11,38.6978
2017-07-19,47.38,38.9196
2017-07-20,47.42,38.9524
2017-07-21,47.42,38.9524
2017-07-24,47.89,39.3385
2017-07-25,48.0,39.4289
2017-07-26,48.05,39.4699
2017-07-27,47.2,38.7717
2017-07-28,47.39,38.9278
2017-07-31,47.24,38.8046
2017-08-01,46.89,38.5171
2017-08-02,46.87,38.5006
2017-08-03,47.82,39.281
2017-08-04,48.13,39.5357
2017-08-07,48.31,39.6835
2017-08-08,48.35,39.7164
2017-08-09,47.77,39.2399
2017-08-10,46.82,38.4596
2017-08-11,46.97,38.5828
2017-08-14,47.73,39.2071
2017-08-15,47.41,38.9442
2017-08-16,47.64,39.1332
2017-08-17,46.78,38.4267
2017-08-18,46.37,38.0899
2017-08-21,46.01,37.7942
2017-08-22,46.6,38.2789
2017-08-23,46.88,38.5089
2017-08-24,46.81,38.4514
2017-08-25,46.76,38.4103
2017-08-28,46.45,38.1556
2017-08-29,46.47,38.1721
2017-08-30,47.06,38.6567
2017-08-31,47.56,39.0674
2017-09-01,47.7,39.1824
2017-09-05,46.97,38.5828
2017-09-06,46.9,38.5253
2017-09-07,46.87,38.5006
2017-09-08,46.94,38.5581
2017-09-11,48.05,39.4699
2017-09-12,48.4,39.7574
2017-09-13,48.25,39.6342
2017-09-14,48.47,39.8149
2017-09-15,48.64,39.9546
2017-09-18,48.96,40.2174
2017-09-19,48.66,39.971
2017-09-20,48.75,40.0449
2017-09-21,48.62,39.9381
2017-09-22,48.38,39.741
2017-09-25,48.13,39.5357
2017-09-26,47.86,39.3139
2017-09-27,47.98,39.4124
2017-09-28,47.77,39.2399
2017-09-29,48.23,39.6178
2017-10-02,48.4,39.7574
2017-10-03,48.52,39.856
2017-10-04,48.77,40.0614
2017-10-05,48.92,40.1846
2017-10-06,49.12,40.3489
2017-10-09,48.59,39.9135
2017-10-10,48.92,40.1846
2017-10-11,49.15,40.3735
2017-10-12,49.26,40.4639
2017-10-13,49.16,40.3817
2017-10-16,48.98,40.2339
2017-10-17,49.1,40.3324
2017-10-18,49.36,40.546
2017-10-19,49.11,40.3407
2017-10-20,49.53,40.6857
2017-10-23,49.17,40.3899
2017-10-24,48.99,40.2421
2017-10-25,48.38,39.741
2017-10-26,48.82,40.1024
2017-10-27,48.97,40.2257
2017-10-30,48.64,39.9546
2017-10-31,48.87,40.1435
2017-11-01,48.17,39.5685
2017-11-02,47.56,39.0674
2017-11-03,47.92,39.3631
2017-11-06,48.09,39.5028
2017-11-07,48.04,39.4617
2017-11-08,48.17,39.5685
2017-11-09,47.98,39.4124
2017-11-10,47.85,39.3056
2017-11-13,48.03,39.4535
2017-11-14,47.94,39.3796
2017-11-15,47.94,39.3796
2017-11-16,48.46,39.8067
2017-11-17,48.68,39.9874
2017-11-20,48.62,39.9381
2017-11-21,49.3,40.4967
2017-11-22,49.16,40.3817
2017-11-24,49.55,40.7021
2017-11-27,49.5,40.661
2017-11-28,49.64,40.776
2017-11-29,49.0,40.2503
2017-11-30,49.35,40.5378
2017-12-01,49.08,40.316
2017-12-04,48.91,40.1764
2017-12-05,48.65,39.9628
2017-12-06,48.74,40.0367
2017-12-07,48.88,40.1517
2017-12-08,49.11,40.3407
2017-12-11,49.39,40.5707
2017-12-12,49.44,40.6117
2017-12-13,49.34,40.5296
2017-12-14,48.97,40.2257
2017-12-15,49.73,40.8499
2017-12-18,50.03,41.0964
2017-12-19,49.43,40.6035
2017-12-20,49.43,40.6035
2017-12-21,49.54,40.6939
2017-12-22,49.3,40.4967
2017-12-26,48.91,40.1764
2017-12-27,48.84,40.1189
2017-12-28,49.15,40.3735
2017-12-29,48.75,40.0449
2018-01-02,48.95,40.2092
2018-01-03,49.37,40.5542
2018-01-04,49.41,40.5871
2018-01-05,49.52,40.6775
2018-01-08,50.22,41.2525
2018-01-09,50.36,41.3675
2018-01-10,50.37,41.3757
2018-01-11,51.31,42.1478
2018-01-12,51.77,42.5257
2018-01-16,51.64,42.4189
2018-01-17,52.15,42.8378
2018-01-18,52.4,43.0432
2018-01-19,53.21,43.7085
2018-01-22,53.36,43.8318
2018-01-23,53.77,44.1685
2018-01-24,53.74,44.1439
2018-01-25,53.49,43.9385
2018-01-26,54.07,44.415
2018-01-29,53.75,44.1521
2018-01-30,53.16,43.6675
2018-01-31,53.32,43.7989
2018-02-01,53.84,44.2261
2018-02-02,52.48,43.1089
2018-02-05,50.48,41.466
2018-02-06,50.55,41.5235
2018-02-07,50.86,41.7782
2018-02-08,48.56,39.8889
2018-02-09,48.77,40.0614
2018-02-12,49.61,40.7514
2018-02-13,50.28,41.3017
2018-02-14,51.19,42.0492
2018-02-15,51.72,42.4846
2018-02-16,51.83,42.575
2018-02-20,51.84,42.5832
2018-02-21,51.83,42.575
2018-02-22,51.95,42.6735
2018-02-23,52.41,43.0514
2018-02-26,52.65,43.2485
2018-02-27,51.89,42.6242
2018-02-28,51.37,42.1971
2018-03-01,50.68,41.6303
2018-03-02,51.29,42.1314
2018-03-05,52.2,42.8789
2018-03-06,52.44,43.076
2018-03-07,53.04,43.5689
2018-03-08,53.25,43.7414
2018-03-09,53.91,44.2835
2018-03-12,54.24,44.5546
2018-03-13,54.11,44.4478
2018-03-14,53.71,44.1193
2018-03-15,53.6,44.0289
2018-03-16,53.72,44.1275
2018-03-19,53.47,43.9221
2018-03-20,53.91,44.2835
2018-03-21,53.91,44.2835
2018-03-22,52.26,42.9282
2018-03-23,51.21,42.0657
2018-03-26,52.37,43.0185
2018-03-27,50.57,41.54
2018-03-28,49.73,40.8499
2018-03-29,50.42,41.4167
2018-04-02,49.04,40.2832
2018-04-03,49.91,40.9978
2018-04-04,51.0,41.8932
2018-04-05,51.68,42.4517
2018-04-06,50.47,41.4578
2018-04-09,50.04,41.1046
2018-04-10,51.01,41.9014
2018-04-11,50.86,41.7782
2018-04-12,51.07,41.9507
2018-04-13,50.63,41.5892
2018-04-16,50.99,41.885
2018-04-17,51.55,42.345
2018-04-18,51.62,42.4025
2018-04-19,51.69,42.46
2018-04-20,51.39,42.2135
2018-04-23,51.23,42.0821
2018-04-24,51.26,42.1067
2018-04-25,50.78,41.7125
2018-04-26,51.3,42.1396
2018-04-27,51.53,42.3285
2018-04-30,51.15,42.0164
2018-05-01,51.47,42.2792
2018-05-02,51.19,42.0492
2018-05-03,51.11,41.9835
2018-05-04,52.48,43.1089
2018-05-07,53.09,43.61
2018-05-08,53.34,43.8153
2018-05-09,54.05,44.3985
2018-05-10,54.34,44.6368
2018-05-11,54.38,44.6696
2018-05-14,53.93,44.3
2018-05-15,53.41,43.8728
2018-05-16,53.45,43.9057
2018-05-17,53.08,43.6018
2018-05-18,53.22,43.7168
2018-05-21,53.79,44.185
2018-05-22,52.98,43.5196
2018-05-23,53.45,43.9057
2018-05-24,53.48,43.9303
2018-05-25,53.56,43.996
2018-05-29,53.21,43.7085
2018-05-30,54.25,44.5628
2018-05-31,53.88,44.2589
2018-06-01,55.01,45.1871
2018-06-04,55.82,45.8525
2018-06-05,55.81,45.8443
2018-06-06,57.08,46.8875
2018-06-07,56.88,46.7232
2018-06-08,57.38,47.1339
2018-06-11,57.84,47.5118
2018-06-12,58.72,48.2346
2018-06-13,58.5,48.0539
2018-06-14,58.92,48.3989
2018-06-15,59.18,48.6125
2018-06-18,59.61,48.9657
2018-06-19,58.7,48.2182
2018-06-20,59.09,48.5386
2018-06-21,57.9,47.5611
2018-06-22,57.37,47.1257
2018-06-25,56.19,46.1564
2018-06-26,56.52,46.4275
2018-06-27,55.95,45.9593
2018-06-28,56.34,46.2796
2018-06-29,56.23,46.1893
2018-07-02,56.41,46.3371
2018-07-03,55.62,45.6882
2018-07-05,55.99,45.9921
2018-07-06,56.84,46.6903
2018-07-09,57.87,47.5364
2018-07-10,57.76,47.4461
2018-07-11,57.69,47.3886
2018-07-12,58.23,47.8321
2018-07-13,58.44,48.0046
2018-07-16,58.22,47.8239
2018-07-17,58.95,48.4236
2018-07-18,59.27,48.6864
2018-07-19,59.03,48.4893
2018-07-20,58.81,48.3086
2018-07-23,58.62,48.1525
2018-07-24,57.93,47.5857
2018-07-25,58.97,48.44
2018-07-26,58.7,48.2182
2018-07-27,57.19,46.9779
2018-07-30,56.11,46.0907
2018-07-31,56.98,46.8053
2018-08-01,56.82,46.6739
2018-08-02,58.74,48.2511
2018-08-03,58.78,48.2839
2018-08-06,59.13,48.5714
2018-08-07,59.84,49.1547
2018-08-08,59.66,49.0068
2018-08-09,59.44,48.8261
2018-08-10,59.46,48.8425
2018-08-13,59.2,48.6289
2018-08-14,59.66,49.0068
2018-08-15,58.96,48.4318
2018-08-16,59.45,48.8343
2018-08-17,58.88,48.3661
2018-08-20,59.13,48.5714
2018-08-21,59.55,48.9164
2018-08-22,59.71,49.0479
2018-08-23,59.73,49.0643
2018-08-24,60.22,49.4668
2018-08-27,60.7,49.8611
2018-08-28,60.48,49.6804
2018-08-29,60.49,49.6886
2018-08-30,60.06,49.3354
2018-08-31,60.39,49.6064
2018-09-04,60.21,49.4586
2018-09-05,59.19,48.6207
2018-09-06,58.83,48.325
2018-09-07,58.15,47.7664
2018-09-10,58.91,48.3907
2018-09-11,58.95,48.4236
2018-09-12,59.3,48.7111
2018-09-13,59.61,48.9657
2018-09-14,59.83,49.1464
2018-09-17,58.8,48.3004
2018-09-18,58.77,48.2757
2018-09-19,58.6,48.1361
2018-09-20,58.99,48.4564
2018-09-21,58.7,48.2182
2018-09-24,58.48,48.0375
2018-09-25,58.8,48.3004
2018-09-26,58.76,48.2675
2018-09-27,58.81,48.3086
2018-09-28,57.39,47.1421
2018-10-01,57.89,47.5529
2018-10-02,57.0,46.8218
2018-10-03,56.85,46.6986
2018-10-04,55.59,45.6636
2018-10-05,54.56,44.8175
2018-10-08,53.69,44.1028
2018-10-09,53.83,44.2178
2018-10-10,51.54,42.3368
2018-10-11,50.72,41.6632
2018-10-12,51.97,42.69
2018-10-15,51.82,42.5667
2018-10-16,53.97,44.3328
2018-10-17,53.65,44.07
2018-10-18,52.31,42.9693
2018-10-19,51.74,42.501
2018-10-22,51.67,42.4435
2018-10-23,52.04,42.7475
2018-10-24,49.64,40.776
2018-10-25,51.11,41.9835
2018-10-26,50.75,41.6878
2018-10-29,50.23,41.2607
2018-10-30,51.27,42.115
2018-10-31,52.96,43.5032
2018-11-01,53.68,44.0946
2018-11-02,53.74,44.1439
2018-11-05,53.38,43.8482
2018-11-06,53.55,43.9878
2018-11-07,54.37,44.6614
2018-11-08,54.47,44.7435
2018-11-09,53.86,44.2425
2018-11-12,52.11,42.805
2018-11-13,52.36,43.0103
2018-11-14,51.98,42.6982
2018-11-15,52.87,43.4293
2018-11-16,53.48,43.9303
2018-11-19,51.97,42.69
2018-11-20,51.16,42.0246
2018-11-21,51.68,42.4517
2018-11-23,51.21,42.0657
2018-11-26,53.15,43.6593
2018-11-27,52.8,43.3718
2018-11-28,54.62,44.8668
2018-11-29,54.09,44.4314
2018-11-30,54.55,44.8093
2018-12-03,55.3,45.4253
2018-12-04,53.12,43.6346
2018-12-06,53.41,43.8728
2018-12-07,51.03,41.9178
2018-12-10,51.5,42.3039
2018-12-11,51.62,42.4025
2018-12-12,51.78,42.5339
2018-12-13,51.38,42.2053
2018-12-14,50.44,41.4332
2018-12-17,48.82,40.1024
2018-12-18,48.48,39.8232
2018-12-19,47.46,38.9853
2018-12-20,45.84,37.6546
2018-12-21,45.49,37.3671
2018-12-24,43.53,35.7571
2018-12-26,46.88,38.5089
2018-12-27,47.06,38.6567
2018-12-28,47.5,39.0182
2018-12-31,47.77,39.2399
2019-01-02,46.63,38.3035
2019-01-03,45.19,37.1206
2019-01-04,47.45,38.9771
2019-01-07,48.38,39.741
2019-01-08,48.98,40.2339
2019-01-09,49.5,40.661
2019-01-10,50.06,41.121
2019-01-11,49.51,40.6692
2019-01-14,48.88,40.1517
2019-01-15,49.67,40.8007
2019-01-16,50.24,41.2689
2019-01-17,50.66,41.6139
2019-01-18,50.42,41.4167
2019-01-22,49.68,40.8089
2019-01-23,49.37,40.5542
2019-01-24,49.82,40.9239
2019-01-25,50.6,41.5646
2019-01-28,50.51,41.4907
2019-01-29,50.55,41.5235
2019-01-30,51.36,42.1889
2019-01-31,52.1,42.7967
2019-02-01,52.56,43.1746
2019-02-04,52.97,43.5114
2019-02-05,53.65,44.07
2019-02-06,53.34,43.8153
2019-02-07,52.65,43.2485
2019-02-08,52.9,43.4539
2019-02-11,53.08,43.6018
2019-02-12,53.94,44.3082
2019-02-13,54.33,44.6285
2019-02-14,53.83,44.2178
2019-02-15,54.51,44.7764
2019-02-19,54.79,45.0064
2019-02-20,54.73,44.9571
2019-02-21,53.99,44.3493
2019-02-22,55.26,45.3925
2019-02-25,55.22,45.3596
2019-02-26,54.79,45.0064
2019-02-27,56.21,46.1728
2019-02-28,56.31,46.255
2019-03-01,56.43,46.3536
2019-03-04,55.27,45.4007
2019-03-05,54.9,45.0968
2019-03-06,54.31,44.6121
2019-03-07,53.68,44.0946
2019-03-08,54.16,44.4889
2019-03-11,55.07,45.2364
2019-03-12,54.86,45.0639
2019-03-13,55.4,45.5075
2019-03-14,55.21,45.3514
2019-03-15,55.16,45.3103
2019-03-18,55.24,45.3761
2019-03-19,55.01,45.1871
2019-03-20,54.66,44.8996
2019-03-21,55.72,45.7703
2019-03-22,54.16,44.4889
2019-03-25,54.06,44.4068
2019-03-26,54.75,44.9736
2019-03-27,54.58,44.8339
2019-03-28,55.17,45.3186
2019-03-29,55.76,45.8032
2019-04-01,56.99,46.8136
2019-04-02,57.0,46.8218
2019-04-03,57.51,47.2407
2019-04-04,56.58,46.4768
2019-04-05,57.4,47.1504
2019-04-08,57.37,47.1257
2019-04-09,56.64,46.5261
2019-04-10,57.02,46.8382
2019-04-11,57.14,46.9368
2019-04-12,57.77,47.4543
2019-04-15,57.61,47.3229
2019-04-16,57.76,47.4461
2019-04-17,56.97,46.7971
2019-04-18,57.11,46.9121
2019-04-22,56.84,46.6903
2019-04-23,57.73,47.4214
2019-04-24,57.06,46.8711
2019-04-25,56.99,46.8136
2019-04-26,57.33,47.0929
2019-04-29,57.69,47.3886
2019-04-30,58.05,47.6843
2019-05-01,57.88,47.5446
2019-05-02,58.26,47.8568
2019-05-03,59.24,48.6618
2019-05-06,59.38,48.7768
2019-05-07,57.74,47.4296
2019-05-08,57.73,47.4214
2019-05-09,57.65,47.3557
2019-05-10,57.96,47.6104
2019-05-13,55.94,45.9511
2019-05-14,57.17,46.9614
2019-05-15,57.51,47.2407
2019-05-16,58.4,47.9718
2019-05-17,57.24,47.0189
2019-05-20,56.59,46.485
2019-05-21,57.41,47.1586
2019-05-22,57.08,46.8875
2019-05-23,56.0,46.0003
2019-05-24,56.26,46.2139
2019-05-28,55.57,45.6471
2019-05-29,55.46,45.5568
2019-05-30,55.71,45.7621
2019-05-31,55.12,45.2775
2019-06-03,54.32,44.6203
2019-06-04,56.17,46.14
2019-06-05,57.2,46.9861
2019-06-06,57.89,47.5529
2019-06-07,58.63,48.1607
2019-06-10,59.51,48.8836
2019-06-11,59.02,48.4811
2019-06-12,59.1,48.5468
2019-06-13,59.39,48.785
2019-06-14,59.32,48.7275
2019-06-17,59.74,49.0725
2019-06-18,60.2,49.4504
2019-06-19,60.38,49.5982
2019-06-20,60.28,49.5161
2019-06-21,60.02,49.3025
2019-06-24,59.59,48.9493
2019-06-25,58.19,47.7993
2019-06-26,58.0,47.6432
2019-06-27,58.93,48.4071
2019-06-28,59.91,49.2122
2019-07-01,60.34,49.5654
2019-07-02,60.37,49.59
2019-07-03,61.28,50.3375
2019-07-05,61.15,50.2307
2019-07-08,60.69,49.8529
2019-07-09,61.16,50.2389
2019-07-10,61.92,50.8632
2019-07-11,62.11,51.0193
2019-07-12,62.4,51.2575
2019-07-15,62.57,51.3972
2019-07-16,62.46,51.3068
2019-07-17,62.2,51.0932
2019-07-18,62.38,51.2411
2019-07-19,61.73,50.7072
2019-07-22,61.96,50.8961
2019-07-23,62.55,51.3807
2019-07-24,63.87,52.465
2019-07-25,62.76,51.5532
2019-07-26,63.31,52.005
2019-07-29,63.34,52.0297
2019-07-30,62.71,51.5122
2019-07-31,62.26,51.1425
2019-08-01,61.09,50.1814
2019-08-02,60.47,49.6722
2019-08-05,58.16,47.7746
2019-08-06,59.28,48.6947
2019-08-07,59.64,48.9904
2019-08-08,60.9,50.0254
2019-08-09,60.43,49.6393
2019-08-12,59.45,48.8343
2019-08-13,60.19,49.4422
2019-08-14,57.45,47.1914
2019-08-15,57.69,47.3886
2019-08-16,58.88,48.3661
2019-08-19,59.77,49.0972
2019-08-20,59.62,48.9739
2019-08-21,59.72,49.0561
2019-08-22,59.45,48.8343
2019-08-23,57.71,47.405
2019-08-26,58.46,48.0211
2019-08-27,58.31,47.8979
2019-08-28,58.64,48.1689
2019-08-29,59.49,48.8672
2019-08-30,59.61,48.9657
2019-09-03,59.14,48.5797
2019-09-04,59.61,48.9657
2019-09-05,60.35,49.5736
2019-09-06,60.87,50.0007
2019-09-09,59.22,48.6454
2019-09-10,59.57,48.9329
2019-09-11,60.31,49.5407
2019-09-12,60.58,49.7625
2019-09-13,60.21,49.4586
2019-09-16,60.3,49.5325
2019-09-17,61.18,50.2554
2019-09-18,60.8,49.9432
2019-09-19,61.04,50.1404
2019-09-20,60.65,49.82
2019-09-23,60.54,49.7297
2019-09-24,59.13,48.5714
2019-09-25,59.9,49.2039
2019-09-26,59.27,48.6864
2019-09-27,58.32,48.0528
2019-09-30,58.7,48.3659
2019-10-01,57.99,47.7809
2019-10-02,57.02,46.9817
2019-10-03,57.1,47.0476
2019-10-04,57.63,47.4843
2019-10-07,57.58,47.4431
2019-10-08,56.48,46.5368
2019-10-09,57.56,47.4266
2019-10-10,57.82,47.6408
2019-10-11,59.05,48.6543
2019-10-14,58.9,48.5307
2019-10-15,59.61,49.1157
2019-10-16,59.44,48.9756
2019-10-17,59.81,49.2805
2019-10-18,59.51,49.0333
2019-10-21,59.85,49.3135
2019-10-22,58.9,48.5307
2019-10-23,58.91,48.539
2019-10-24,60.49,49.8408
2019-10-25,61.38,50.5741
2019-10-28,61.53,50.6977
2019-10-29,61.09,50.3352
2019-10-30,61.28,50.4917
2019-10-31,61.43,50.6153
2019-11-01,61.81,50.9284
2019-11-04,62.31,51.3404
2019-11-05,62.03,51.1097
2019-11-06,62.31,51.3404
2019-11-07,62.32,51.3486
2019-11-08,62.66,51.6288
2019-11-11,63.13,52.016
2019-11-12,63.34,52.189
2019-11-13,63.24,52.1067
2019-11-14,63.68,52.4692
2019-11-15,64.49,53.1366
2019-11-18,64.88,53.4579
2019-11-19,65.13,53.6639
2019-11-20,64.76,53.3591
2019-11-21,64.57,53.2025
2019-11-22,64.24,52.9306
2019-11-25,65.08,53.6227
2019-11-26,65.64,54.0841
2019-11-27,65.96,54.3478
2019-11-29,65.53,53.9935
2019-12-02,64.96,53.5239
2019-12-03,64.32,52.9965
2019-12-04,64.44,53.0954
2019-12-05,64.66,53.2767
2019-12-06,64.81,53.4003
2019-12-09,64.63,53.2519
2019-12-10,64.73,53.3343
2019-12-11,65.09,53.631
2019-12-12,65.33,53.8287
2019-12-13,65.6,54.0512
2019-12-16,66.96,55.1718
2019-12-17,66.91,55.1306
2019-12-18,67.13,55.3118
2019-12-19,67.97,56.0039
2019-12-20,68.51,56.4489
2019-12-23,69.04,56.8856
2019-12-24,69.17,56.9927
2019-12-26,69.52,57.2811
2019-12-27,69.69,57.4212
2019-12-30,68.91,56.7785
2019-12-31,69.05,56.8938
2020-01-02,70.24,57.8743
2020-01-03,70.68,58.2369
2020-01-06,70.98,58.484
2020-01-07,71.24,58.6983
2020-01-08,72.29,59.5634
2020-01-09,72.57,59.7941
2020-01-10,72.58,59.8024
2020-01-13,74.38,61.2855
2020-01-14,74.58,61.4503
2020-01-15,74.36,61.269
2020-01-16,75.18,61.9446
2020-01-17,75.1,61.8787
2020-01-21,75.91,62.5461
2020-01-22,76.85,63.3206
2020-01-23,76.35,62.9087
2020-01-24,75.46,62.1753
2020-01-27,74.49,61.3761
2020-01-28,75.37,62.1012
2020-01-29,75.91,62.5461
2020-01-30,77.97,64.2434
2020-01-31,76.89,63.3536
2020-02-03,81.4,67.0696
2020-02-04,85.93,70.8021
2020-02-05,81.66,67.2838
2020-02-06,82.16,67.6958
2020-02-07,81.74,67.3498
2020-02-10,82.93,68.3302
2020-02-11,83.7,68.9647
2020-02-12,85.03,70.0605
2020-02-13,86.15,70.9834
2020-02-14,86.37,71.1646
2020-02-18,88.07,72.5654
2020-02-19,90.32,74.4193
2020-02-20,90.11,74.2462
2020-02-21,89.47,73.7189
2020-02-24,84.83,69.8958
2020-02-25,81.03,66.7647
2020-02-26,79.4,65.4217
2020-02-27,74.55,61.4255
2020-02-28,73.65,60.684
2020-03-02,77.76,64.0704
2020-03-03,75.73,62.3978
2020-03-04,78.29,64.5071
2020-03-05,74.52,61.4008
2020-03-06,72.86,60.0331
2020-03-09,65.14,53.6722
2020-03-10,68.39,56.35
2020-03-11,63.85,52.6093
2020-03-12,56.39,46.4626
2020-03-13,60.6,49.9314
2020-03-16,49.69,40.9421
2020-03-17,50.6,41.6919
2020-03-18,44.02,36.2703
2020-03-19,46.85,38.6021
2020-03-20,45.86,37.7864
2020-03-23,44.47,36.6411
2020-03-24,50.14,41.3129
2020-03-25,52.83,43.5293
2020-03-26,56.08,46.2072
2020-03-27,54.79,45.1443
2020-03-30,55.53,45.754
2020-03-31,54.72,45.0866
2020-04-01,50.17,41.3376
2020-04-02,49.71,40.9586
2020-04-03,48.8,40.2088
2020-04-06,54.6,44.9877
2020-04-07,56.0,46.1412
2020-04-08,58.19,47.9457
2020-04-09,60.49,49.8408
2020-04-13,61.1,50.3434
2020-04-14,64.25,52.9389
2020-04-15,63.43,52.2632
2020-04-16,63.25,52.1149
2020-04-17,65.4,53.8864
2020-04-20,63.98,52.7164
2020-04-21,60.39,49.7584
2020-04-22,62.67,51.637
2020-04-23,61.93,51.0273
2020-04-24,62.59,51.5711
2020-04-27,66.8,55.0399
2020-04-28,65.26,53.771
2020-04-29,68.83,56.7126
2020-04-30,67.26,55.4189
2020-05-01,62.9,51.8265
2020-05-04,64.81,53.4003
2020-05-05,65.48,53.9523
2020-05-06,65.68,54.1171
2020-05-07,67.1,55.2871
2020-05-08,69.76,57.4788
2020-05-11,69.79,57.5035
2020-05-12,67.13,55.3118
2020-05-13,64.79,53.3838
2020-05-14,66.19,54.5373
2020-05-15,66.47,54.768
2020-05-18,69.57,57.3223
2020-05-19,69.35,57.141
2020-05-20,70.97,58.4758
2020-05-21,70.58,58.1545
2020-05-22,71.02,58.517
2020-05-26,72.32,59.5881
2020-05-27,73.53,60.5851
2020-05-28,72.32,59.5881
2020-05-29,73.35,60.4368
2020-06-01,75.81,62.4637
2020-06-02,76.26,62.8345
2020-06-03,78.09,64.3423
2020-06-04,77.6,63.9386
2020-06-05,79.12,65.191
2020-06-08,82.03,67.5887
2020-06-09,80.2,66.0809
2020-06-10,81.84,67.4322
2020-06-11,76.02,62.6367
2020-06-12,76.29,62.8592
2020-06-15,78.56,64.7296
2020-06-16,79.13,65.1992
2020-06-17,79.56,65.5535
2020-06-18,80.22,66.0973
2020-06-19,79.89,65.8254
2020-06-22,80.41,66.2539
2020-06-23,80.84,66.6082
2020-06-24,76.95,63.403
2020-06-25,79.29,65.3311
2020-06-26,76.64,63.1476
2020-06-29,78.87,64.985
2020-06-30,81.73,67.3415
2020-07-01,83.37,68.6928
2020-07-02,86.16,70.9916
2020-07-06,91.44,75.3421
2020-07-07,91.07,75.0372
2020-07-08,91.24,75.1773
2020-07-09,91.29,75.2185
2020-07-10,95.88,79.0004
2020-07-13,92.85,76.5039
2020-07-14,93.73,77.2289
2020-07-15,96.43,79.4536
2020-07-16,95.19,78.4319
2020-07-17,95.64,78.8027
2020-07-20,100.06,82.4445
2020-07-21,98.33,81.0191
2020-07-22,99.33,81.843
2020-07-23,96.49,79.503
2020-07-24,93.45,76.9982
2020-07-27,97.33,80.1951
2020-07-28,95.28,78.5061
2020-07-29,98.94,81.5217
2020-07-30,98.61,81.2498
2020-07-31,97.42,80.2693
2020-08-03,98.85,81.4476
2020-08-04,99.36,81.8678
2020-08-05,100.09,82.4693
2020-08-06,100.47,82.7824
2020-08-07,100.15,82.5187
2020-08-10,99.24,81.7689
2020-08-11,97.62,80.4341
2020-08-12,103.35,85.1553
2020-08-13,105.24,86.7126
2020-08-14,105.74,87.1246
2020-08-17,111.01,91.4668
2020-08-18,112.49,92.6862
2020-08-19,112.11,92.3731
2020-08-20,115.4,95.0839
2020-08-21,116.5,95.9903
2020-08-24,116.81,96.2457
2020-08-25,117.18,96.5506
2020-08-26,120.51,99.2943
2020-08-27,123.27,101.5684
2020-08-28,123.14,101.4613
2020-08-31,129.38,106.6028
2020-09-01,127.74,105.2515
2020-09-02,124.88,102.895
2020-09-03,117.12,96.5011
2020-09-04,117.68,96.9625
2020-09-08,104.12,85.7898
2020-09-09,110.08,90.7005
2020-09-10,109.76,90.4369
2020-09-11,109.54,90.2556
2020-09-14,117.46,96.7813
2020-09-15,122.25,100.728
2020-09-16,121.57,100.1677
2020-09-17,118.53,97.6629
2020-09-18,120.46,99.2531
2020-09-21,120.51,99.2943
2020-09-22,118.54,97.6712
2020-09-23,111.69,92.0271
2020-09-24,111.57,92.7445
2020-09-25,115.65,96.136
2020-09-28,118.58,98.5717
2020-09-29,117.8,97.9233
2020-09-30,119.14,99.0372
2020-10-01,122.7,101.9965
2020-10-02,117.87,97.9815
2020-10-05,120.64,100.2841
2020-10-06,118.83,98.7795
2020-10-07,121.55,101.0405
2020-10-08,122.2,101.5808
2020-10-09,123.34,102.5285
2020-10-12,125.03,103.9333
2020-10-13,124.94,103.8585
2020-10-14,125.86,104.6233
2020-10-15,124.54,103.526
2020-10-16,123.12,102.3456
2020-10-19,120.61,100.2591
2020-10-20,119.54,99.3697
2020-10-21,119.76,99.5526
2020-10-22,120.85,100.4586
2020-10-23,120.62,100.2674
2020-10-26,118.93,98.8626
2020-10-27,119.13,99.0289
2020-10-28,114.07,94.8226
2020-10-29,116.45,96.801
2020-10-30,112.37,93.4095
2020-11-02,115.18,95.7453
2020-11-03,120.76,100.3838
2020-11-04,122.75,102.038
2020-11-05,126.26,104.9558
2020-11-06,126.67,105.2966
2020-11-09,126.23,104.9308
2020-11-10,124.19,103.2351
2020-11-11,126.57,105.2135
2020-11-12,125.03,103.9333
2020-11-13,126.04,104.7729
2020-11-16,126.63,105.2634
2020-11-17,130.44,108.4305
2020-11-18,134.58,111.8719
2020-11-19,137.39,114.2078
2020-11-20,136.05,113.0939
2020-11-23,140.73,116.9842
2020-11-24,139.86,120.5873
2020-11-25,142.01,122.4411
2020-11-27,143.9,124.0706
2020-11-30,141.8,122.26
2020-12-01,144.51,124.5966
2020-12-02,142.4,122.7773
2020-12-03,145.72,125.6398
2020-12-04,147.79,127.4246
2020-12-07,152.97,131.8908
2020-12-08,154.06,132.8306
2020-12-09,147.81,127.4418
2020-12-10,151.33,130.4768
2020-12-11,149.34,128.761
2020-12-14,153.19,132.0805
2020-12-15,153.7,132.5202
2020-12-16,152.72,131.6752
2020-12-17,157.75,136.0121
2020-12-18,162.25,139.892
2020-12-21,157.06,135.4172
2020-12-22,156.56,134.9861
2020-12-23,157.48,135.7793
2020-12-24,159.22,137.2796
2020-12-28,159.59,137.5986
2020-12-29,158.93,137.0295
2020-12-30,162.68,140.2628
2020-12-31,164.18,141.556
2021-01-04,164.8,142.0906
2021-01-05,166.05,143.1684
2021-01-06,169.54,146.1775
2021-01-07,177.7,153.213
2021-01-08,185.69,160.102
2021-01-11,177.46,153.0061
2021-01-12,181.56,156.5411
2021-01-13,181.39,156.3945
2021-01-14,179.94,155.1443
2021-01-15,176.49,152.1698
2021-01-19,179.08,154.4029
2021-01-20,181.37,156.3773
2021-01-21,180.92,155.9893
2021-01-22,180.24,155.403
2021-01-25,183.76,158.4379
2021-01-26,182.65,157.4809
2021-01-27,177.5,153.0406
2021-01-28,175.97,151.7214
2021-01-29,170.48,146.9879
2021-02-01,177.74,153.2475
2021-02-02,183.22,157.9724
2021-02-03,181.11,156.1531
2021-02-04,182.15,157.0498
2021-02-05,183.64,158.3345
2021-02-08,185.37,159.8261
2021-02-09,184.72,159.2657
2021-02-10,183.01,157.7913
2021-02-11,186.34,160.6624
2021-02-12,188.06,162.1454
2021-02-16,186.03,160.3951
2021-02-17,185.66,160.0761
2021-02-18,184.36,158.9553
2021-02-19,184.63,159.1881
2021-02-22,175.4,151.2299
2021-02-23,173.08,149.2296
2021-02-24,177.9,153.3855
2021-02-25,168.56,145.3325
2021-02-26,169.12,145.8153
2021-03-01,175.31,151.1523
2021-03-02,170.65,147.1345
2021-03-03,164.36,141.7113
2021-03-04,158.43,136.5984
2021-03-05,157.96,136.1932
2021-03-08,153.25,132.1322
2021-03-09,166.12,143.2287
2021-03-10,165.69,142.858
2021-03-11,171.21,147.6173
2021-03-12,170.33,146.8586
2021-03-15,172.75,148.9451
2021-03-16,168.55,145.3239
2021-03-17,170.9,147.35
2021-03-18,163.42,140.9008
2021-03-19,163.92,141.3319
2021-03-22,165.68,142.8493
2021-03-23,163.59,141.0474
2021-03-24,158.4,136.5725
2021-03-25,159.55,137.5641
2021-03-26,158.51,136.6674
2021-03-29,156.26,134.7274
2021-03-30,159.04,137.1243
2021-03-31,163.45,140.9267
2021-04-01,164.95,142.22
2021-04-05,168.52,145.298
2021-04-06,169.6,146.2292
2021-04-07,166.73,143.7547
2021-04-08,169.18,145.8671
2021-04-09,168.3,145.1083
2021-04-12,170.44,146.9535
2021-04-13,177.56,153.0923
2021-04-14,173.83,149.8763
2021-04-15,175.8,151.5748
2021-04-16,175.35,151.1868
2021-04-19,171.88,148.195
2021-04-20,171.33,147.7208
2021-04-21,175.4,151.2299
2021-04-22,173.16,149.2986
2021-04-23,176.49,152.1698
2021-04-26,177.93,153.4113
2021-04-27,174.76,150.6781
2021-04-28,172.01,148.3071
2021-04-29,170.81,147.2724
2021-04-30,172.43,148.6692
2021-05-03,169.61,146.2378
2021-05-04,167.15,144.1168
2021-05-05,165.75,142.9097
2021-05-06,164.61,141.9268
2021-05-07,167.4,144.3324
2021-05-10,160.9,138.7281
2021-05-11,159.57,137.5813
2021-05-12,153.71,132.5288
2021-05-13,152.4,131.3993
2021-05-14,156.79,135.1844
2021-05-17,154.82,133.4859
2021-05-18,154.57,133.2703
2021-05-19,153.06,131.9684
2021-05-20,156.88,135.262
2021-05-21,156.2,134.6757
2021-05-24,159.83,137.8055
2021-05-25,159.59,137.5986
2021-05-26,161.89,139.5816
2021-05-27,163.54,141.0043
2021-05-28,163.39,140.8749
2021-06-01,163.27,140.7715
2021-06-02,160.76,138.6073
2021-06-03,156.64,135.0551
2021-06-04,160.15,138.0814
2021-06-07,161.04,138.8488
2021-06-08,161.57,139.3057
2021-06-09,160.43,138.3228
2021-06-10,162.37,139.9955
2021-06-11,163.27,140.7715
2021-06-14,164.71,142.013
2021-06-15,161.93,139.6161
2021-06-16,162.42,140.0386
2021-06-17,164.4,141.7457
2021-06-18,163.98,141.3836
2021-06-21,165.21,142.4441
2021-06-22,166.15,143.2546
2021-06-23,169.46,146.1085
2021-06-24,172.57,148.7899
2021-06-25,171.97,148.2726
2021-06-28,173.29,149.4107
2021-06-29,172.04,148.333
2021-06-30,171.23,147.6346
2021-07-01,171.86,148.1778
2021-07-02,171.83,148.1519
2021-07-06,169.86,146.4534
2021-07-07,168.38,145.1773
2021-07-08,167.54,144.4531
2021-07-09,170.15,146.7034
2021-07-12,172.73,148.9279
2021-07-13,169.79,146.393
2021-07-14,167.42,144.3496
2021-07-15,167.14,144.1082
2021-07-16,166.24,143.3322
2021-07-19,164.92,142.1941
2021-07-20,168.65,145.4101
2021-07-21,169.96,146.5396
2021-07-22,169.15,145.8412
2021-07-23,169.47,146.1171
2021-07-26,170.1,146.6603
2021-07-27,167.98,144.8324
2021-07-28,168.63,145.3929
2021-07-29,172.23,148.4968
2021-07-30,172.6,148.8158
2021-08-02,174.91,150.8075
2021-08-03,174.36,150.3333
2021-08-04,174.76,150.6781
2021-08-05,176.7,152.3508
2021-08-06,174.09,150.1005
2021-08-09,175.74,151.5231
2021-08-10,174.88,150.7816
2021-08-11,174.47,150.4281
2021-08-12,176.01,151.7559
2021-08-13,175.18,151.0403
2021-08-16,171.24,147.6432
2021-08-17,168.36,145.1601
2021-08-18,169.75,146.3585
2021-08-19,168.04,144.8842
2021-08-20,170.21,146.7552
2021-08-23,174.04,150.0574
2021-08-24,175.36,151.1955
2021-08-25,176.14,151.868
2021-08-26,173.89,149.928
2021-08-27,176.34,152.0404
2021-08-30,178.65,154.0321
2021-08-31,178.77,154.1356
2021-09-01,179.76,154.9891
2021-09-02,179.93,155.1357
2021-09-03,179.57,154.8253
2021-09-07,181.6,156.5756
2021-09-08,181.13,156.1704
2021-09-09,181.3,156.317
2021-09-10,179.0,154.3339
2021-09-13,179.38,154.6615
2021-09-14,179.07,154.3942
2021-09-15,180.36,155.5065
2021-09-16,180.94,156.0065
2021-09-17,181.48,156.4721
2021-09-20,176.95,152.5664
2021-09-21,177.65,153.1699
2021-09-22,180.34,155.4892
2021-09-23,174.06,157.1523
2021-09-24,176.61,159.4546
2021-09-27,177.46,160.222
2021-09-28,173.64,156.7731
2021-09-29,173.91,157.0169
2021-09-30,172.52,155.7619
2021-10-01,174.52,157.5676
2021-10-04,172.99,156.1862
2021-10-05,176.9,159.7164
2021-10-06,176.87,159.6893
2021-10-07,179.48,162.0458
2021-10-08,178.14,160.836
2021-10-11,178.19,160.8811
2021-10-12,180.52,162.9848
2021-10-13,182.24,164.5377
2021-10-14,184.83,166.8761
2021-10-15,188.09,169.8195
2021-10-18,190.78,172.2482
2021-10-19,191.51,172.9072
2021-10-20,191.55,172.9434
2021-10-21,195.58,176.5819
2021-10-22,197.61,178.4147
2021-10-25,209.49,189.1407
2021-10-26,208.73,188.4545
2021-10-27,208.2,187.976
2021-10-28,213.3,192.5806
2021-10-29,217.31,196.2011
2021-11-01,226.7,204.679
2021-11-02,221.46,199.948
2021-11-03,224.14,202.3677
2021-11-04,226.34,204.354
2021-11-05,226.32,204.3359
2021-11-08,219.93,198.5666
2021-11-09,205.43,185.4751
2021-11-10,208.84,188.5539
2021-11-11,208.22,187.9941
2021-11-12,206.39,186.3419
2021-11-15,204.22,184.3826
2021-11-16,208.26,188.0302
2021-11-17,211.06,190.5582
2021-11-18,211.11,190.6033
2021-11-19,214.56,193.7182
2021-11-22,214.84,193.971
2021-11-23,202.93,189.6049
2021-11-24,203.89,190.5019
2021-11-26,197.96,184.9613
2021-11-29,204.48,191.0531
2021-11-30,202.77,189.4554
2021-12-01,195.83,182.9711
2021-12-02,197.62,184.6436
2021-12-03,189.88,177.4118
2021-12-06,190.37,177.8696
2021-12-07,196.55,183.6438
2021-12-08,199.07,185.9984
2021-12-09,191.15,178.5984
2021-12-10,192.53,179.8878
2021-12-13,186.48,174.2351
2021-12-14,184.78,172.6467
2021-12-15,187.18,174.8891
2021-12-16,182.27,170.3015
2021-12-17,183.38,171.3386
2021-12-20,178.23,166.5268
2021-12-21,185.18,173.0204
2021-12-22,193.07,180.3923
2021-12-23,199.44,186.3441
2021-12-27,202.78,189.4648
2021-12-28,202.09,188.82
2021-12-29,202.09,188.82
2021-12-30,200.66,187.484
2021-12-31,199.0,185.933
2022-01-03,211.86,197.9485
2022-01-04,206.29,192.7443
2022-01-05,197.0,184.0643
2022-01-06,195.02,182.2143
2022-01-07,190.43,177.9257
2022-01-10,192.49,179.8504
2022-01-11,194.8,182.0087
2022-01-12,198.52,185.4845
2022-01-13,189.34,176.9073
2022-01-14,190.6,178.0845
2022-01-18,186.39,174.151
2022-01-19,182.34,170.3669
2022-01-20,181.96,170.0119
2022-01-21,174.65,163.1819
2022-01-24,174.11,162.6773
2022-01-25,170.46,159.267
2022-01-26,171.39,160.1359
2022-01-27,160.03,149.5219
2022-01-28,163.72,152.9696
2022-01-31,175.23,163.7238
2022-02-01,175.87,164.3217
2022-02-02,173.15,161.7803
2022-02-03,169.13,158.0243
2022-02-04,173.07,161.7056
2022-02-07,172.07,160.7713
2022-02-08,174.26,162.8175
2022-02-09,177.16,165.5271
2022-02-10,173.37,161.9859
2022-02-11,166.59,155.6511
2022-02-14,167.33,156.3425
2022-02-15,174.88,163.3967
2022-02-16,174.35,162.9016
2022-02-17,166.56,155.6231
2022-02-18,163.92,153.1564
2022-02-22,159.17,148.7183
2022-02-23,149.91,140.0664
2022-02-24,156.19,145.934
2022-02-25,159.52,149.0453
2022-02-28,165.36,154.5019
2022-03-01,162.22,151.5681
2022-03-02,165.65,154.7728
2022-03-03,159.55,149.0734
2022-03-04,157.54,147.1954
2022-03-07,150.1,140.2439
2022-03-08,152.16,142.1686
2022-03-09,159.45,148.9799
2022-03-10,156.83,146.532
2022-03-11,151.43,141.4866
2022-03-14,147.9,138.1884
2022-03-15,153.47,143.3926
2022-03-16,160.79,150.2319
2022-03-17,165.38,154.5206
2022-03-18,170.93,159.7061
2022-03-21,171.12,159.8837
2022-03-22,180.05,168.2273
2022-03-23,178.62,166.8912
2022-03-24,181.05,169.1616
2022-03-25,180.69,168.8252
2022-03-28,189.06,176.6456
2022-03-29,192.5,179.8598
2022-03-30,190.66,178.1406
2022-03-31,187.26,174.9638
2022-04-01,188.3,175.9355
2022-04-04,194.56,181.7845
2022-04-05,188.22,175.8608
2022-04-06,181.81,169.8717
2022-04-07,182.59,170.6005
2022-04-08,178.98,167.2275
2022-04-11,172.92,161.5654
2022-04-12,173.24,161.8644
2022-04-13,179.06,167.3023
2022-04-14,174.9,163.4154
2022-04-18,175.19,163.6864
2022-04-19,180.03,168.2086
2022-04-20,174.83,163.3501
2022-04-21,174.79,163.3127
2022-04-22,171.71,160.4349
2022-04-25,172.07,160.7713
2022-04-26,157.53,147.186
2022-04-27,158.17,147.784
2022-04-28,159.3,148.8398
2022-04-29,155.68,145.4575
2022-05-02,159.37,148.9052
2022-05-03,159.88,149.3817
2022-05-04,164.86,154.0347
2022-05-05,153.03,142.9815
2022-05-06,150.35,140.4775
2022-05-09,138.75,129.6392
2022-05-10,140.77,131.5266
2022-05-11,132.69,123.9771
2022-05-12,132.96,124.2294
2022-05-13,140.03,130.8351
2022-05-16,134.4,125.5748
2022-05-17,139.67,130.4988
2022-05-18,131.76,123.1082
2022-05-19,133.04,124.3041
2022-05-20,131.78,123.1269
2022-05-23,133.84,125.0516
2022-05-24,127.94,119.539
2022-05-25,132.35,123.6594
2022-05-26,139.1,129.9662
2022-05-27,146.23,136.628
2022-05-31,145.17,135.6376
2022-06-01,142.47,133.1149
2022-06-02,148.45,138.7022
2022-06-03,140.09,130.8912
2022-06-06,141.23,131.9563
2022-06-07,141.73,132.4235
2022-06-08,141.74,132.4329
2022-06-09,138.82,129.7046
2022-06-10,134.29,125.472
2022-06-13,125.75,117.4928
2022-06-14,127.01,118.6701
2022-06-15,131.9,123.239
2022-06-16,123.25,115.157
2022-06-17,125.47,117.2312
2022-06-21,131.88,123.2203
2022-06-22,131.71,123.0615
2022-06-23,133.09,124.3508
2022-06-24,139.03,129.9008
2022-06-27,138.41,129.3215
2022-06-28,133.14,124.3976
2022-06-29,131.81,123.1549
2022-06-30,129.98,121.445
2022-07-01,132.14,123.4632
2022-07-05,133.68,124.9021
2022-07-06,133.14,124.3976
2022-07-07,138.05,128.9852
2022-07-08,139.42,130.2652
2022-07-11,133.39,124.6311
2022-07-12,132.3,123.6127
2022-07-13,133.13,124.3882
2022-07-14,132.51,123.8089
2022-07-15,135.18,126.3036
2022-07-18,134.83,125.9766
2022-07-19,139.32,130.1718
2022-07-20,140.97,131.7134
2022-07-21,148.98,139.1974
2022-07-22,148.14,138.4126
2022-07-25,146.62,136.9924
2022-07-26,142.6,133.2364
2022-07-27,151.34,141.4025
2022-07-28,154.7,144.5419
2022-07-29,160.35,149.8209
2022-08-01,160.2,149.6807
2022-08-02,161.49,150.886
2022-08-03,165.15,154.3056
2022-08-04,165.5,154.6327
2022-08-05,159.42,148.9519
2022-08-08,160.35,149.8209
2022-08-09,157.85,147.485
2022-08-10,163.67,152.9228
2022-08-11,161.7,151.0822
2022-08-12,167.22,156.2397
2022-08-15,170.18,159.0054
2022-08-16,169.74,158.5943
2022-08-17,167.26,156.2771
2022-08-18,166.86,155.9034
2022-08-19,162.57,151.8951
2022-08-22,158.69,148.2699
2022-08-23,160.64,150.0918
2022-08-24,161.7,151.0822
2022-08-25,163.43,152.6986
2022-08-26,157.88,147.513
2022-08-29,156.52,146.2424
2022-08-30,153.73,143.6355
2022-08-31,152.75,142.7199
2022-09-01,153.04,142.9908
2022-09-02,150.25,140.384
2022-09-06,152.4,142.3929
2022-09-07,156.81,146.5133
2022-09-08,159.09,148.6436
2022-09-09,163.9,153.1377
2022-09-12,166.26,155.3428
2022-09-13,159.06,148.6156
2022-09-14,162.06,151.4186
2022-09-15,161.82,151.1943
2022-09-16,159.94,149.4378
2022-09-19,162.34,151.6802
2022-09-20,160.7,150.1479
2022-09-21,156.63,146.3451
2022-09-22,150.79,140.8886
2022-09-23,145.7,136.1328
2022-09-26,144.97,135.4508
2022-09-27,143.91,137.8405
2022-09-28,147.4,141.1833
2022-09-29,140.73,134.7946
2022-09-30,139.43,133.5495
2022-10-03,135.61,129.8906
2022-10-04,141.39,135.4268
2022-10-05,138.73,132.879
2022-10-06,137.69,131.8829
2022-10-07,131.21,125.6762
2022-10-10,130.49,124.9865
2022-10-11,127.98,122.5824
2022-10-12,127.76,122.3717
2022-10-13,130.41,124.9099
2022-10-14,123.49,118.2817
2022-10-17,129.79,124.316
2022-10-18,131.28,125.7432
2022-10-19,130.47,124.9674
2022-10-20,125.29,120.0058
2022-10-21,129.09,123.6456
2022-10-24,128.93,123.4923
2022-10-25,134.38,128.7125
2022-10-26,135.49,129.7757
2022-10-27,137.24,131.4518
2022-10-28,140.34,134.4211
2022-10-31,140.22,134.3062
2022-11-01,140.69,134.7563
2022-11-02,134.8,129.1147
2022-11-03,134.31,128.6454
2022-11-04,132.73,127.132
2022-11-07,130.69,125.1781
2022-11-08,129.47,124.0095
2022-11-09,124.13,118.8948
2022-11-10,132.89,127.2853
2022-11-11,134.67,128.9902
2022-11-14,131.78,126.2221
2022-11-15,134.09,128.4347
2022-11-16,131.49,125.9444
2022-11-17,129.32,123.8659
2022-11-18,129.2,123.7509
2022-11-21,125.57,120.274
2022-11-22,127.08,121.7203
2022-11-23,131.11,125.5804
2022-11-25,131.46,125.9156
2022-11-28,129.87,124.3927
2022-11-29,129.6,124.1341
2022-11-30,136.27,130.5227
2022-12-01,137.35,131.5572
2022-12-02,137.59,131.7871
2022-12-05,131.6,126.0497
2022-12-06,129.6,124.1341
2022-12-07,127.51,122.1322
2022-12-08,128.62,123.1954
2022-12-09,129.75,124.2777
2022-12-12,127.44,122.0652
2022-12-13,126.25,120.9254
2022-12-14,124.38,119.1342
2022-12-15,122.39,117.2281
2022-12-16,119.9,114.8432
2022-12-19,118.6,113.598
2022-12-20,115.24,110.3797
2022-12-21,116.28,111.3758
2022-12-22,111.74,107.0273
2022-12-23,111.4,106.7017
2022-12-27,107.13,102.6117
2022-12-28,107.12,102.6022
2022-12-29,111.45,106.7495
2022-12-30,111.56,106.8549
2023-01-03,107.34,102.8129
2023-01-04,110.3,105.648
2023-01-05,107.92,103.3684
2023-01-06,111.59,106.8836
2023-01-09,113.71,108.9142
2023-01-10,114.51,109.6805
2023-01-11,116.73,111.8069
2023-01-12,117.18,112.2379
2023-01-13,117.78,112.8126
2023-01-17,120.29,115.2167
2023-01-18,118.48,113.483
2023-01-19,116.62,111.7015
2023-01-20,120.16,115.0922
2023-01-23,123.78,118.5595
2023-01-24,123.8,118.5787
2023-01-25,123.53,118.3201
2023-01-26,128.57,123.1475
2023-01-27,133.48,127.8504
2023-01-30,129.51,124.0478
2023-01-31,132.64,127.0458
2023-02-01,136.16,130.4174
2023-02-02,138.97,133.1089
2023-02-03,137.93,132.1127
2023-02-06,138.92,133.061
2023-02-07,141.34,135.3789
2023-02-08,140.73,134.7946
2023-02-09,141.83,135.8483
2023-02-10,138.66,132.812
2023-02-13,139.43,133.5495
2023-02-14,144.23,138.147
2023-02-15,147.03,140.8289
2023-02-16,142.55,136.5379
2023-02-17,144.33,138.2428
2023-02-21,139.35,133.4729
2023-02-22,139.53,133.6452
2023-02-23,140.06,134.1529
2023-02-24,138.06,132.2372
2023-02-27,140.73,134.7946
2023-02-28,140.06,134.1529
2023-03-01,138.71,132.8598
2023-03-02,136.26,130.5132
2023-03-03,139.72,133.8272
2023-03-06,138.43,132.5916
2023-03-07,135.21,129.5075
2023-03-08,133.45,127.8217
2023-03-09,128.0,122.6015
2023-03-10,125.0,119.7281
2023-03-13,124.11,118.8756
2023-03-14,128.95,123.5115
2023-03-15,126.35,121.0211
2023-03-16,128.55,123.1283
2023-03-17,125.72,120.4177
2023-03-20,128.08,122.6782
2023-03-21,134.06,128.4059
2023-03-22,130.15,124.6609
2023-03-23,129.36,123.9042
2023-03-24,129.22,123.7701
2023-03-27,130.19,124.6992
2023-03-28,129.31,123.8563
2023-03-29,132.03,126.4616
2023-03-30,132.87,127.2661
2023-03-31,137.57,131.7679
2023-04-03,133.77,128.1282
2023-04-04,132.15,126.5765
2023-04-05,129.13,123.6839
2023-04-06,129.41,123.9521
2023-04-10,129.8,124.3256
2023-04-11,130.79,125.2739
2023-04-12,128.79,123.3582
2023-04-13,131.44,125.8965
2023-04-14,130.53,125.0248
2023-04-17,132.08,126.5095
2023-04-18,131.93,126.3658
2023-04-19,130.84,125.3218
2023-04-20,126.3,120.9732
2023-04-21,127.58,122.1993
2023-04-24,126.86,121.5096
2023-04-25,123.72,118.502
2023-04-26,120.99,115.8872
2023-04-27,125.01,119.7376
2023-04-28,127.12,121.7587
2023-05-01,126.62,121.2797
2023-05-02,124.94,119.6706
2023-05-03,124.47,119.2204
2023-05-04,123.51,118.3009
2023-05-05,127.75,122.3621
2023-05-08,128.16,122.7548
2023-05-09,127.4,122.0268
2023-05-10,127.24,121.8736
2023-05-11,127.73,122.3429
2023-05-12,126.61,121.2702
2023-05-15,126.85,121.5
2023-05-16,126.0,120.6859
2023-05-17,128.55,123.1283
2023-05-18,130.74,125.226
2023-05-19,131.47,125.9252
2023-05-22,134.14,128.4826
2023-05-23,131.43,125.8869
2023-05-24,130.11,124.6225
2023-05-25,130.95,125.4271
2023-05-26,134.09,128.4347
2023-05-30,136.3,130.5515
2023-05-31,136.39,130.6377
2023-06-01,138.18,132.3522
2023-06-02,142.08,136.0877
2023-06-05,142.68,136.6624
2023-06-06,144.43,138.3386
2023-06-07,144.93,138.8175
2023-06-08,148.38,142.122
2023-06-09,149.77,143.4534
2023-06-12,151.69,145.2924
2023-06-13,154.73,148.2042
2023-06-14,154.21,147.7061
2023-06-15,154.72,148.1946
2023-06-16,155.69,149.1237
2023-06-20,159.0,152.2941
2023-06-21,155.5,148.9417
2023-06-22,156.23,149.6409
2023-06-23,154.69,148.1659
2023-06-26,150.45,144.1047
2023-06-27,153.85,147.3613
2023-06-28,155.6,149.0375
2023-06-29,156.86,150.2444
2023-06-30,158.85,152.1504
2023-07-03,163.03,156.1541
2023-07-05,163.5,156.6043
2023-07-06,161.43,154.6216
2023-07-07,161.03,154.2385
2023-07-10,161.22,154.4205
2023-07-11,161.75,154.9281
2023-07-12,162.77,155.9051
2023-07-13,165.46,158.4816
2023-07-14,166.04,159.0372
2023-07-17,170.01,162.8397
2023-07-18,172.12,164.8607
2023-07-19,171.52,164.2861
2023-07-20,163.43,156.5372
2023-07-21,162.98,156.1062
2023-07-24,165.0,158.041
2023-07-25,163.59,156.6905
2023-07-26,162.28,155.4358
2023-07-27,158.42,151.7386
2023-07-28,161.96,155.1293
2023-07-31,162.84,155.9721
2023-08-01,159.98,153.2328
2023-08-02,156.92,150.3018
2023-08-03,156.71,150.1007
2023-08-04,154.71,148.185
2023-08-07,155.08,148.5394
2023-08-08,153.86,147.3709
2023-08-09,152.07,145.6564
2023-08-10,152.69,146.2502
2023-08-11,151.85,145.4457
2023-08-14,150.98,144.6123
2023-08-15,148.04,141.7963
2023-08-16,145.3,139.1719
2023-08-17,141.24,135.2832
2023-08-18,140.26,134.3445
2023-08-21,144.5,138.4056
2023-08-22,144.83,138.7217
2023-08-23,147.11,140.9056
2023-08-24,144.29,138.2045
2023-08-25,146.49,140.3117
2023-08-28,147.33,141.1163
2023-08-29,153.82,147.3326
2023-08-30,154.55,148.0318
2023-08-31,154.5,147.9839
2023-09-01,151.47,145.0817
2023-09-05,153.64,147.1602
2023-09-06,152.22,145.8
2023-09-07,151.68,145.2828
2023-09-08,150.84,144.4783
2023-09-11,157.73,151.0777
2023-09-12,155.65,149.0854
2023-09-13,155.94,149.3632
2023-09-14,158.89,152.1887
2023-09-15,157.32,150.685
2023-09-18,155.23,148.6831
2023-09-19,155.96,149.3823
2023-09-20,154.48,147.9647
2023-09-21,154.48,147.9647
2023-09-22,147.43,141.2121
2023-09-25,147.76,141.5281
2023-09-26,145.48,139.3443
2023-09-27,144.54,138.444
2023-09-28,147.27,141.0588
2023-09-29,147.36,141.145
2023-10-02,146.45,140.2734
2023-10-03,143.2,137.1605
2023-10-04,148.75,142.4764
2023-10-05,148.95,142.668
2023-10-06,150.01,143.6833
2023-10-09,150.12,143.7886
2023-10-10,152.37,145.9437
2023-10-11,152.11,145.6947
2023-10-12,149.42,143.1181
2023-10-13,147.11,140.9056
2023-10-16,149.5,143.1947
2023-10-17,150.09,143.7599
2023-10-18,146.21,140.0435
2023-10-19,138.11,132.2851
2023-10-20,134.98,129.2871
2023-10-23,134.55,128.8753
2023-10-24,136.34,130.5898
2023-10-25,133.45,127.8217
2023-10-26,131.26,125.724
2023-10-27,130.67,125.1589
2023-10-30,128.96,123.5211
2023-10-31,131.48,125.9348
2023-11-01,132.97,127.3619
2023-11-02,137.23,131.4422
2023-11-03,140.06,134.1529
2023-11-06,139.43,133.5495
2023-11-07,140.76,134.8234
2023-11-08,140.33,134.4115
2023-11-09,136.57,130.8101
2023-11-10,139.24,133.3675
2023-11-13,141.44,135.4747
2023-11-14,147.55,141.327
2023-11-15,149.1,142.8116
2023-11-16,146.83,140.6374
2023-11-17,147.18,140.9726
2023-11-20,148.01,141.7676
2023-11-21,149.87,143.5491
2023-11-22,148.31,142.055
2023-11-24,148.93,142.6488
2023-11-27,148.9,142.6201
2023-11-28,151.0,144.6315
2023-11-29,150.39,144.0472
2023-11-30,149.66,143.348
2023-12-01,151.05,144.6794
2023-12-04,150.66,144.3058
2023-12-05,150.39,144.0472
2023-12-06,150.19,143.8557
2023-12-07,151.2,144.8231
2023-12-08,152.56,146.1257
2023-12-11,155.44,148.8842
2023-12-12,155.29,148.7406
2023-12-13,156.85,150.2348
2023-12-14,160.62,153.8458
2023-12-15,160.36,153.5967
2023-12-18,160.36,153.5967
2023-12-19,162.04,155.2059
2023-12-20,157.49,150.8478
2023-12-21,160.99,154.2002
2023-12-22,160.72,153.9416
2023-12-26,162.11,155.2729
2023-12-27,163.45,156.5564
2023-12-28,161.53,154.7174
2023-12-29,159.63,152.8975
2024-01-02,158.57,151.8822
2024-01-03,153.97,147.4762
2024-01-04,153.83,147.3421
2024-01-05,153.47,146.9973
2024-01-08,155.49,148.9321
2024-01-09,153.57,147.0931
2024-01-10,153.67,147.1889
2024-01-11,151.84,145.4361
2024-01-12,149.46,143.1564
2024-01-16,148.8,142.5243
2024-01-17,147.43,141.2121
2024-01-18,147.21,141.0014
2024-01-19,148.08,141.8347
2024-01-22,147.69,141.4611
2024-01-23,147.83,141.5952
2024-01-24,146.82,140.6278
2024-01-25,140.03,134.1242
2024-01-26,140.42,134.4977
2024-01-29,143.13,137.0934
2024-01-30,143.31,137.2658
2024-01-31,141.21,135.2544
2024-02-01,142.56,136.5475
2024-02-02,142.41,136.4038
2024-02-05,140.2,134.287
2024-02-06,141.68,135.7046
2024-02-07,142.9,136.8731
2024-02-08,142.95,136.921
2024-02-09,144.91,138.7983
2024-02-12,143.37,137.3233
2024-02-13,140.47,134.5456
2024-02-14,142.72,136.7007
2024-02-15,147.36,141.145
2024-02-16,145.95,139.7945
2024-02-20,143.56,137.5053
2024-02-21,144.51,138.4152
2024-02-22,146.26,140.0914
2024-02-23,146.72,140.532
2024-02-26,148.17,141.9209
2024-02-27,148.71,142.4381
2024-02-28,150.07,143.7407
2024-02-29,150.26,143.9227
2024-03-01,151.01,144.6411
2024-03-04,146.69,140.5033
2024-03-05,143.72,137.6585
2024-03-06,143.18,137.1413
2024-03-07,143.34,137.2946
2024-03-08,142.09,136.0973
2024-03-11,143.07,137.036
2024-03-12,143.59,137.534
2024-03-13,141.29,135.331
2024-03-14,138.71,132.8598
2024-03-15,139.92,134.0188
2024-03-18,143.33,137.285
2024-03-19,142.77,136.7486
2024-03-20,144.95,138.8367
2024-03-21,143.91,137.8405
2024-03-22,142.66,136.6432
2024-03-25,142.77,136.7486
2024-03-26,144.3,138.2141
2024-03-27,146.02,139.8615
2024-03-28,145.16,139.0378
2024-04-01,144.11,138.0321
2024-04-02,140.43,134.5073
2024-04-03,141.51,135.5417
2024-04-04,141.15,135.1969
2024-04-05,141.18,135.2256
2024-04-08,143.5,137.4478
2024-04-09,144.5,138.4056
2024-04-10,141.03,135.082
2024-04-11,142.33,136.3272
2024-04-12,139.63,133.741
2024-04-15,136.05,130.312
2024-04-16,134.85,129.1626
2024-04-17,133.58,127.9462
2024-04-18,131.87,126.3083
2024-04-19,130.97,125.4463
2024-04-22,130.55,125.044
2024-04-23,131.53,125.9827
2024-04-24,137.17,131.3848
2024-04-25,138.43,132.5916
2024-04-26,138.27,132.4384
2024-04-29,144.65,138.5493
2024-04-30,140.44,134.5169
2024-05-01,139.8,133.9039
2024-05-02,140.23,134.3157
2024-05-03,141.07,135.1203
2024-05-06,143.0,136.9689
2024-05-07,141.52,135.5513
2024-05-08,140.09,134.1816
2024-05-09,140.5,134.5744
2024-05-10,139.75,133.856
2024-05-13,139.71,133.8177
2024-05-14,141.78,135.8004
2024-05-15,141.87,135.8866
2024-05-16,142.07,136.0781
2024-05-17,143.36,137.3137
2024-05-20,142.79,136.7677
2024-05-21,145.18,139.057
2024-05-22,142.96,136.9306
2024-05-23,139.65,133.7602
2024-05-24,141.54,135.5705
2024-05-28,139.56,133.674
2024-05-29,137.87,132.0553
2024-05-30,138.29,132.4576
2024-05-31,138.76,132.9077
2024-06-03,137.83,132.017
2024-06-04,137.39,131.5955
2024-06-05,138.24,132.4097
2024-06-06,138.99,133.128
2024-06-07,137.87,132.0553
2024-06-10,137.48,131.6817
2024-06-11,136.6,130.8388
2024-06-12,138.81,132.9556
2024-06-13,139.28,133.4058
2024-06-14,137.19,131.4039
2024-06-17,140.36,134.4402
2024-06-18,139.9,133.9996
2024-06-20,139.4,133.5207
2024-06-21,140.23,134.3157
2024-06-24,140.39,134.469
2024-06-25,144.14,138.0608
2024-06-26,145.43,139.2964
2024-06-27,146.4,140.2255
2024-06-28,146.56,140.3788
2024-07-01,148.65,142.3806
2024-07-02,154.25,147.7444
2024-07-03,157.74,151.0872
2024-07-05,159.28,152.5623
2024-07-08,159.43,152.706
2024-07-09,161.28,154.4779
2024-07-10,161.95,155.1197
2024-07-11,157.46,150.8191
2024-07-12,159.92,153.1753
2024-07-15,161.24,154.4396
2024-07-16,163.03,156.1541
2024-07-17,159.75,153.0125
2024-07-18,158.3,151.6236
2024-07-19,155.29,148.7406
2024-07-22,159.54,152.8113
2024-07-23,158.54,151.8535
2024-07-24,149.86,143.5396
2024-07-25,151.46,145.0721
2024-07-26,152.49,146.0587
2024-07-29,155.49,148.9321
2024-07-30,154.06,147.5624
2024-07-31,155.57,149.0088
2024-08-01,150.61,144.2579
2024-08-02,146.99,140.7906
2024-08-05,142.05,136.059
2024-08-06,143.6,137.5436
2024-08-07,140.92,134.9766
2024-08-08,144.33,138.2428
2024-08-09,144.92,138.8079
2024-08-12,143.2,137.1605
2024-08-13,146.6,140.4171
2024-08-14,146.23,140.0627
2024-08-15,150.77,144.4112
2024-08-16,151.5,145.1104
2024-08-19,153.91,147.4188
2024-08-20,152.83,146.3843
2024-08-21,153.98,147.4858
2024-08-22,150.82,144.4591
2024-08-23,154.5,147.9839
2024-08-26,152.8,146.3556
2024-08-27,152.1,145.6851
2024-08-28,150.88,144.5166
2024-08-29,151.74,145.3403
2024-08-30,154.15,147.6486
2024-09-03,152.23,145.8096
2024-09-04,154.71,148.185
2024-09-05,156.77,150.1581
2024-09-06,151.47,145.0817
2024-09-09,153.85,147.3613
2024-09-10,156.41,149.8133
2024-09-11,156.82,150.206
2024-09-12,157.21,150.5796
2024-09-13,158.33,151.6524
2024-09-16,158.25,151.5757
2024-09-17,158.3,151.6236
2024-09-18,158.04,151.3746
2024-09-19,163.81,156.9012
2024-09-20,162.23,155.3879
2024-09-23,165.14,158.1751
2024-09-24,166.27,159.2575
2024-09-25,165.67,158.6828
2024-09-26,165.94,158.9414
2024-09-27,167.51,160.4452
2024-09-30,166.88,159.8418
2024-10-01,165.26,158.2901
2024-10-02,163.4,156.5085
2024-10-03,160.81,154.0278
2024-10-04,164.01,157.0928
2024-10-07,159.65,152.9167
2024-10-08,161.6,154.7845
2024-10-09,162.01,155.1771
2024-10-10,161.23,154.43
2024-10-11,157.07,150.4455
2024-10-14,157.23,150.5987
2024-10-15,157.33,150.6945
2024-10-16,157.6,150.9531
2024-10-17,157.78,151.1256
2024-10-18,158.01,151.3458
2024-10-21,156.48,149.8804
2024-10-22,156.17,149.5835
2024-10-23,153.41,146.9399
2024-10-24,165.16,158.1943
2024-10-25,167.08,160.0333
2024-10-28,165.98,158.9797
2024-10-29,164.82,157.8687
2024-10-30,164.16,157.2365
2024-10-31,158.61,151.9205
2024-11-01,158.22,151.547
2024-11-04,156.73,150.1198
2024-11-05,159.89,153.1466
2024-11-06,172.6,165.3205
2024-11-07,174.29,166.9392
2024-11-08,181.34,173.6919
2024-11-11,188.93,180.9618
2024-11-12,183.62,175.8757
2024-11-13,184.63,176.8431
2024-11-14,179.35,171.7858
2024-11-15,180.05,172.4563
2024-11-18,184.93,177.1305
2024-11-19,186.01,178.1649
2024-11-20,186.0,178.1554
2024-11-21,186.72,178.845
2024-11-22,191.07,183.0115
2024-11-25,188.78,180.8181
2024-11-26,188.05,180.1189
2024-11-27,187.14,179.2473
2024-11-29,190.18,182.1591
2024-12-02,192.36,184.2471
2024-12-03,191.26,183.1935
2024-12-04,193.75,185.5785
2024-12-05,195.86,187.5995
2024-12-06,200.04,191.6032
2024-12-09,199.61,191.1914
2024-12-10,201.7,193.1932
2024-12-11,222.04,212.6753
2024-12-12,220.44,211.1428
2024-12-13,223.4,213.978
2024-12-16,229.35,219.6771
2024-12-17,230.56,222.3923
2024-12-18,217.68,209.9686
2024-12-19,217.09,209.3995
2024-12-20,215.11,207.4897
2024-12-23,217.87,210.1519
2024-12-24,226.02,218.0132
2024-12-26,224.32,216.3734
2024-12-27,218.12,210.393
2024-12-30,214.0,206.419
2024-12-31,210.42,202.9658
2025-01-02,203.51,196.3006
2025-01-03,211.85,204.3451
2025-01-06,211.53,204.0365
2025-01-07,206.91,199.5801
2025-01-08,207.64,200.2843
2025-01-10,205.98,198.6831
2025-01-13,208.39,201.0077
2025-01-14,207.38,200.0335
2025-01-15,217.0,209.3127
2025-01-16,214.55,206.9495
2025-01-17,217.72,210.0072
2025-01-21,218.2,210.4702
2025-01-22,215.26,207.6343
2025-01-23,215.39,207.7597
2025-01-24,214.07,206.4865
2025-01-27,213.48,205.9174
2025-01-28,213.5,205.9367
2025-01-29,210.43,202.9754
2025-01-30,214.62,207.017
2025-01-31,214.95,207.3353
2025-02-03,210.29,202.8404
2025-02-04,212.78,205.2422
2025-02-05,209.61,202.1845
2025-02-06,209.7,202.2713
2025-02-07,205.75,198.4612
2025-02-10,202.57,195.3939
2025-02-11,196.17,189.2206
2025-02-12,197.39,190.3974
2025-02-13,201.6,194.4583
2025-02-14,200.22,193.1271
2025-02-18,201.45,194.3136
2025-02-19,204.1,196.8697
2025-02-20,201.98,194.8248
2025-02-21,196.02,189.0759
2025-02-24,194.64,187.7448
2025-02-25,187.92,181.2629
2025-02-26,184.7,178.1569
2025-02-27,181.99,175.543
2025-02-28,185.99,179.4012
2025-03-03,183.02,176.5365
2025-03-04,178.45,172.1283
2025-03-05,181.25,174.8291
2025-03-06,175.86,169.6301
2025-03-07,175.4,169.1864
2025-03-10,163.86,158.0552
2025-03-11,165.26,159.4056
2025-03-12,169.01,163.0228
2025-03-13,166.1,160.2159
2025-03-14,171.0,164.9423
2025-03-17,170.16,164.132
2025-03-18,165.47,159.6082
2025-03-19,169.19,163.1964
2025-03-20,167.97,162.0196
2025-03-21,170.66,164.6143
2025-03-24,179.2,172.8518
2025-03-25,181.84,175.3983
2025-03-26,178.0,171.6943
2025-03-27,178.33,172.0126
2025-03-28,174.37,168.1929
2025-03-31,173.75,167.5948
2025-04-01,175.69,169.4661
2025-04-02,180.35,173.961
2025-04-03,172.49,166.3795
2025-04-04,160.05,154.3802
2025-04-07,157.75,152.1617
2025-04-08,153.68,148.2358
2025-04-09,173.31,167.1704
2025-04-10,165.59,159.7239
2025-04-11,167.43,161.4987
2025-04-14,168.36,162.3958
2025-04-15,168.94,162.9552
2025-04-16,164.72,158.8847
2025-04-17,165.16,159.3091
2025-04-21,159.49,153.84
2025-04-22,164.7,158.8654
2025-04-23,168.8,162.8202
2025-04-24,172.28,166.1769
2025-04-25,177.94,171.6364
2025-04-28,177.95,171.6461
2025-04-29,180.34,173.9514
2025-04-30,176.22,169.9773
2025-05-01,177.13,170.8551
2025-05-02,180.88,174.4723
2025-05-05,179.01,172.6685
2025-05-06,177.11,170.8358
2025-05-07,177.11,170.8358
2025-05-08,181.75,175.3114
2025-05-09,184.78,178.2341
2025-05-12,191.38,184.6003
2025-05-13,195.07,188.1596
2025-05-14,198.27,191.2462
2025-05-15,198.18,191.1594
2025-05-16,200.73,193.6191
2025-05-19,198.86,191.8153
2025-05-20,198.58,191.5452
2025-05-21,193.86,186.9924
2025-05-22,195.52,188.5936
2025-05-23,194.92,188.0149
2025-05-27,202.31,195.1431
2025-05-28,200.8,193.6866
2025-05-29,201.22,194.0917
2025-05-30,198.58,191.5452
2025-06-02,197.55,190.5517
2025-06-03,198.4,191.3716
2025-06-04,196.26,189.3074
2025-06-05,185.23,178.6682
2025-06-06,188.21,181.5426
2025-06-09,190.9,184.1373
2025-06-10,195.01,188.1017
2025-06-11,194.67,187.7738
2025-06-12,193.49,186.6356
2025-06-13,193.63,186.7706
2025-06-16,195.78,188.8444
2025-06-17,192.14,185.3334
2025-06-18,192.14,185.3334
2025-06-20,193.16,186.3172
2025-06-23,199.39,192.3265
2025-06-24,198.66,191.6224
2025-06-25,195.54,188.6129
2025-06-26,195.74,188.8058
2025-06-27,195.54,188.6129
2025-06-30,194.74,187.8413
2025-07-01,192.2,185.3913
2025-07-02,194.47,187.5808
2025-07-03,195.26,188.3428
2025-07-07,190.84,184.0794
2025-07-08,191.54,184.7546
2025-07-09,191.28,184.5038
2025-07-10,195.0,188.0921
2025-07-11,199.59,192.5195
2025-07-14,200.87,193.7541
2025-07-15,197.68,190.6771
2025-07-16,200.14,193.05
2025-07-17,200.01,192.9246
2025-07-18,202.01,194.8537
2025-07-21,201.56,194.4197
2025-07-22,202.37,195.201
2025-07-23,203.53,196.3199
2025-07-24,198.26,191.2366
2025-07-25,201.52,194.3811
2025-07-28,202.99,195.799
2025-07-29,201.67,194.5258
2025-07-30,201.39,194.2557
2025-07-31,198.54,191.5067
2025-08-01,196.54,189.5775
2025-08-04,201.37,194.2364
2025-08-05,197.95,190.9376
2025-08-06,200.23,193.1368
2025-08-07,200.01,192.9246
2025-08-08,201.15,194.0242
2025-08-11,202.39,195.2203
2025-08-12,202.75,195.5675
2025-08-13,203.77,196.5514
2025-08-14,202.94,195.7508
2025-08-15,201.78,194.6319
2025-08-18,202.23,195.0659
2025-08-19,201.48,194.3425
2025-08-20,200.47,193.3683
2025-08-21,199.48,192.4133
2025-08-22,205.91,198.6156
2025-08-25,205.96,198.6638
2025-08-26,206.96,199.6284
2025-08-27,207.09,199.7538
2025-08-28,206.66,199.339
2025-08-29,203.66,196.4453
2025-09-02,201.77,194.6222
2025-09-03,202.78,195.5965
2025-09-04,203.83,196.6093
2025-09-05,206.99,199.6573
2025-09-08,204.81,197.5545
2025-09-09,204.17,196.9372
2025-09-10,202.47,195.2974
2025-09-11,208.56,201.1717
2025-09-12,213.24,205.6859
2025-09-15,215.35,207.7212
2025-09-16,217.06,209.3706
2025-09-17,217.78,210.0651
2025-09-18,216.35,208.6857
2025-09-19,217.58,209.8722
2025-09-22,218.49,210.7499
2025-09-23,212.31,208.9255
2025-09-24,214.97,211.5431
2025-09-25,211.08,207.7151
2025-09-26,215.13,211.7005
2025-09-29,215.92,212.4779
2025-09-30,215.84,212.3992
2025-10-01,217.27,213.8064
2025-10-02,213.88,210.4704
2025-10-03,213.36,209.9587
2025-10-06,216.67,213.216
2025-10-07,212.56,209.1715
2025-10-08,213.42,210.0178
2025-10-09,212.36,208.9747
2025-10-10,206.98,203.6804
2025-10-13,212.07,208.6893
2025-10-14,211.35,207.9808
2025-10-15,211.14,207.7741
2025-10-16,208.67,205.3435
2025-10-17,210.77,207.41
2025-10-20,213.46,210.0571
2025-10-21,214.12,210.7066
2025-10-22,213.04,209.6438
2025-10-23,214.67,211.2478
2025-10-24,211.7,208.3252
2025-10-27,215.58,212.1433
2025-10-28,216.4,212.9503
2025-10-29,213.3,209.8997
2025-10-30,209.3,205.9635
2025-10-31,211.89,208.5122
2025-11-03,214.81,211.3856
2025-11-04,209.61,206.2685
2025-11-05,213.33,209.9292
2025-11-06,210.26,206.9081
2025-11-07,209.3,205.9635
2025-11-10,212.12,208.7385
2025-11-11,212.23,208.8467
2025-11-12,211.24,207.8725
2025-11-13,205.07,201.8009
2025-11-14,204.63,201.3679
2025-11-17,203.09,199.8524
2025-11-18,201.72,198.5043
2025-11-19,203.87,200.62
2025-11-20,201.56,198.3468
2025-11-21,203.37,200.128
2025-11-24,208.16,204.8416
2025-11-25,210.83,207.4691
2025-11-26,211.74,208.3646
2025-11-28,212.54,209.1518
2025-12-01,211.08,207.7151
2025-12-02,210.6,207.2427
2025-12-03,214.01,210.5984
2025-12-04,214.33,210.9133
2025-12-05,255.52,251.4466
2025-12-08,251.53,247.5202
2025-12-09,252.91,248.8783
2025-12-10,254.81,250.748
2025-12-11,256.32,252.2339
2025-12-12,258.97,254.8416
2025-12-15,261.52,257.351
2025-12-16,259.54,259.54
2025-12-17,256.58,256.58
2025-12-18,258.39,258.39
2025-12-19,259.4,259.4
2025-12-22,261.79,261.79
2025-12-23,260.44,260.44
2025-12-24,260.45,260.45
2025-12-26,258.87,258.87
2025-12-29,256.07,256.07
2025-12-30,254.78,254.78
2025-12-31,252.78,252.78
2026-01-02,249.8,249.8
2026-01-05,253.24,253.24
2026-01-06,251.8,251.8
2026-01-07,249.98,249.98
2026-01-08,251.56,251.56
2026-01-09,252.33,252.33
2026-01-12,252.8,252.8
2026-01-13,252.29,252.29
2026-01-14,251.58,251.58
2026-01-15,250.79,250.79
2026-01-16,250.73,250.73
2026-01-20,244.42,244.42
2026-01-21,248.32,248.32
2026-01-22,252.15,252.15
2026-01-23,251.3,251.3
2026-01-26,249.42,249.42
2026-01-27,246.78,246.78
2026-01-28,246.97,246.97
2026-01-29,242.34,242.34
2026-01-30,243.92,243.92
2026-02-02,241.66,241.66
2026-02-03,254.71,254.71
2026-02-04,253.54,253.54
2026-02-05,250.03,250.03
2026-02-06,253.19,253.19
2026-02-09,253.39,253.39
2026-02-10,255.61,255.61
2026-02-11,254.32,254.32
2026-02-12,250.78,250.78
2026-02-13,251.03,251.03
2026-02-17,249.74,249.74
2026-02-18,252.57,252.57
2026-02-19,252.48,252.48
2026-02-20,252.81,252.81
2026-02-23,247.1,247.1
2026-02-24,251.09,251.09
2026-02-25,252.91,252.91
2026-02-26,254.21,254.21
2026-02-27,252.14,252.14
2026-03-02,252.44,252.44
2026-03-03,251.92,251.92
2026-03-04,254.55,254.55
2026-03-05,254.44,254.44
2026-03-06,251.64,251.64
2026-03-09,250.95,250.95
2026-03-10,248.42,248.42
2026-03-11,248.97,248.97
2026-03-12,244.32,244.32
2026-03-13,244.2,244.2
2026-03-16,245.54,245.54
2026-03-17,247.99,247.99
2026-03-18,244.73,244.73
2026-03-19,242.05,242.05
2026-03-20,239.06,239.06
2026-03-23,242.35,242.35
2026-03-24,240.45,240.45
2026-03-25,240.24,240.24
2026-03-26,238.23,238.23
2026-03-27,234.29,234.29
2026-03-30,234.22,234.22
2026-03-31,239.15,239.15
2026-04-01,240.15,240.15
2026-04-02,238.26,238.26
2026-04-06,237.69,237.69
2026-04-07,235.42,235.42
2026-04-08,236.71,236.71
2026-04-09,235.95,235.95
2026-04-10,233.74,233.74
2026-04-13,238.21,238.21
2026-04-14,240.26,240.26
2026-04-15,247.0,247.0
2026-04-16,246.22,246.22
2026-04-17,249.72,249.72
2026-04-20,249.52,249.52
2026-04-21,248.47,248.47
2026-04-22,247.77,247.77
2026-04-23,242.42,242.42
2026-04-24,242.17,242.17
2026-04-27,241.98,241.98
2026-04-28,241.53,241.53
2026-04-29,240.01,240.01
2026-04-30,240.59,240.59
2026-05-01,241.36,241.36
2026-05-04,240.51,240.51
2026-05-05,239.32,239.32
2026-05-06,240.95,240.95
2026-05-07,244.44,244.44
2026-05-08,245.32,245.32
2026-05-11,244.86,244.86
2026-05-12,243.46,243.46
2026-05-13,241.97,241.97
2026-05-14,241.76,241.76
2026-05-15,240.97,240.97
2026-05-18,243.08,243.08
2026-05-19,241.41,241.41
2026-05-20,244.6,244.6
2026-05-21,246.17,246.17
2026-05-22,248.68,248.68
2026-05-26,249.68,249.68
2026-05-27,250.01,250.01
2026-05-28,252.68,252.68
